{"cameraMode":{"drawMode":0,"name":"Shaded","section":"Shading Mode"},"sceneLighting":true,"audioPlay":false,"sceneViewState":{"showFog":true,"showMaterialUpdate":false,"showSkybox":true,"showFlares":true,"showImageEffects":true,"showParticleSystems":true},"in2DMode":false,"pivot":{"x":-1.717646837234497,"y":-0.44852396845817568,"z":-1.2118418216705323},"rotation":{"x":-0.5669959783554077,"y":-0.36087146401405337,"z":0.30280596017837527,"w":-0.6757587790489197},"size":10.040658950805664,"orthographic":false}